Model,Accuracy,Precision,Recall,F1 Score,ROC AUC Score
CNN-LSTM,0.9367632367632368,0.37445699391833187,0.2677018633540373,0.3122057225642883,0.6211837958571735
LSTM,0.9497169497169498,0.5694444444444444,0.2546583850931677,0.35193133047210295,0.6218752868463727
Dense,0.9401265401265402,0.3934240362811791,0.21552795031055902,0.27849117174959875,0.5983515895113668
GRU,0.9521811521811522,0.8041958041958042,0.14285714285714285,0.24261603375527427,0.5704433497536946
CNN,0.9255078255078255,0.3188908145580589,0.34285714285714286,0.33043998802753666,0.650686136523575
MLP,0.9346653346653346,0.3735632183908046,0.32298136645962733,0.34643570952698205,0.6461493742924456
