Model,Accuracy,Precision,Recall,F1 Score,ROC AUC Score,Balanced Accuracy
CNN-LSTM,0.93877581428614,0.42822257107971395,0.7471089470480827,0.5444062534649075,0.8478760878625762,0.8478760878625762
LSTM,0.9294186011860417,0.3907544044571601,0.7897139379184419,0.5228165608945301,0.8631624148450391,0.8631624148450391
Dense,0.890827547158566,0.27557480839720094,0.7550213024954352,0.40377573439661496,0.8264202207156627,0.8264202207156627
GRU,0.9297911017075424,0.39164133738601825,0.7842361533779671,0.5224001621731199,0.8607603653397324,0.8607603653397324
CNN,0.9316536043150461,0.39669683976496745,0.7601947656725502,0.5213398726912241,0.8503377162322768,0.8503377162322768
MLP,0.9013022618231665,0.3124297594965161,0.8460133901399878,0.4563361785948785,0.8750810198177534,0.8750810198177534
