Model,Accuracy,Precision,Recall,F1 Score,ROC AUC Score,Balanced Accuracy
CNN,0.9019578627410079,0.30402189433603044,0.7775410833840536,0.437125748502994,0.8429520921087719,0.8429520921087719
MLP,0.8802932324105254,0.2589358245329001,0.776019476567255,0.38830516217450894,0.8308404708774735,0.8308404708774735
